{
  "x_learner_fe_ohe": {
    "uplift_auc": 0.018460760018898563,
    "qini_auc": 0.042077932915505954,
    "uplift_at_30": 0.029848699137698942
  },
  "x_learner_final_tuned": {
    "uplift_auc": 0.023869676319853067,
    "qini_auc": 0.05268293627645892,
    "uplift_at_30": 0.048592844805803684
  },
  "x_learner_initial": {
    "uplift_auc": 0.013775835704670574,
    "qini_auc": 0.031154409021974805,
    "uplift_at_30": 0.032869611713464364
  },
  "x_learner_ohe": {
    "uplift_auc": 0.013420108953534014,
    "qini_auc": 0.030489118866351007,
    "uplift_at_30": 0.031213841277225485
  },
  "baseline_catboost": {
    "uplift_auc": 0.025695240249269082,
    "qini_auc": 0.05752923025851522,
    "uplift_at_30": 0.04256519131676516
  },
  "t_learner": {
    "uplift_auc": 0.01155578065733437,
    "qini_auc": 0.0263896761494924,
    "uplift_at_30": 0.02718891852683794
  }
}