{
  "model": "baseline_catboost",
  "uplift_auc": 0.025695240249269082,
  "qini_auc": 0.05752923025851522,
  "uplift_at_30": 0.04256519131676516
}