{
  "model": "t_learner",
  "uplift_auc": 0.01155578065733437,
  "qini_auc": 0.0263896761494924,
  "uplift_at_30": 0.02718891852683794
}